<?xml version="1.0" encoding="UTF-8"?>
<csm-groups>
	<csm-group class-name="edu.wustl.common.domain.CollectionProtocol">
		<pg-name>COLLECTION_PROTOCOL_</pg-name>
		<pi-group-name>PI_COLLECTION_PROTOCOL_</pi-group-name>
		<coordinator-group-name>COORDINATORS_COLLECTION_PROTOCOL_</coordinator-group-name>
	</csm-group>
	<csm-group class-name="edu.wustl.common.domain.DistributionProtocol">
		<pg-name>DISTRIBUTION_PROTOCOL_</pg-name>
		<pi-group-name>PI_DISTRIBUTION_PROTOCOL_</pi-group-name>
		<coordinator-group-name></coordinator-group-name>
	</csm-group>
	<csm-group class-name="edu.wustl.common.domain.StorageContainer">
		<pg-name>USER_</pg-name>
		<pi-group-name></pi-group-name>
		<coordinator-group-name></coordinator-group-name>
	</csm-group>
	<csm-group class-name="edu.wustl.common.domain.Site">
		<pg-name>SITE_</pg-name>
		<pi-group-name></pi-group-name>
		<coordinator-group-name></coordinator-group-name>
	</csm-group>
</csm-groups>
